PASS	安装 APK	MusicFree-0.11.3-0e0d19d-app-x86_64-release.apk
PASS	启动后进入首页	
PASS	通过链接安装 e2e-source-a.js	
PASS	通过链接安装 e2e-source-b.js	
PASS	搜索并依次点播三首歌	
PASS	前台播放：在播 C，进度在走	进度 1.9s → 6.1s
PASS	回到桌面后继续播放	进度 9.3s → 13.3s
PASS	后台按上一首：切到 B	
PASS	后台再按上一首：切到 A 并在播	进度 0.3s → 4.2s
PASS	回到应用 6 秒后仍在播 A	进度 11.4s → 15.4s
PASS	回到应用后播放条显示 A	
PASS	播放失败后有提示和处理方式	
PASS	点播一首 20 秒的短歌	
PASS	后台播完自动接下一首（回到 A）	进度 0.0s → 2.9s
PASS	点播只有其他来源能播的歌	
PASS	原来源失败，自动换到测试源 B 播放	进度 1.1s → 5.2s
PASS	播放页标出改用的来源	
PASS	其他来源只有 Live 版时不换，留下失败提示	
PASS	播放统计记下了换源和失败	
PASS	播放中切到 320K，标签变成 HQ	
PASS	切换音质后接着原来的进度播	进度 35.5s → 62.4s
PASS	选了取不到的无损，标签保持 HQ	
PASS	取不到新音质时照常播	进度 62.5s → 87.6s
PASS	冷启动后通知栏停在暂停的地方	暂停在 87.8s，重开后 87.8s
PASS	冷启动后恢复上次的歌和音质	
PASS	冷启动后点播放，从暂停的地方接着播	暂停在 87.8s，接着从 89.9s 播
PASS	再次打开搜索页	
PASS	断网时点歌，提示播放未成功	
PASS	网络恢复后在失败提示里点重试	
PASS	网络恢复后在播 B	进度 0.8s → 4.7s
PASS	标签页上迷你播放器在标签栏上方	迷你播放器 y=1981–2138，标签栏 y=2175–2301
PASS	打开资料库里的播放历史	
PASS	从二级页面返回后马上切后台，回来换个标签，迷你播放器不盖住标签栏	迷你播放器 y=1981–2138，标签栏 y=2175–2301
PASS	点播不回应那首前面的 C	
PASS	插件不回应时只等一轮就回到原来那首	按下一首后 15 秒回到 C，进度 1.8s → 5.9s
PASS	之后按上一首照常切到 B	进度 0.0s → 3.3s
PASS	切歌等地址时按暂停，超时回滚后仍停在 C	20 秒里采样 19 次，一直停在 0.3s
PASS	之后按播放，C 接着放	进度 0.4s → 4.3s
PASS	按上一首后马上暂停，B 装好后仍停着	8 秒里采样 7 次，一直停在 0.2s
PASS	之后按播放，B 接着放	进度 3.7s → 7.8s
PASS	看视频期间焦点一直在视频那边，音乐停着	12 秒的视频：视频放下焦点前采样 11 次，音乐一直停在 8.6s，焦点一直在视频那边
PASS	看完视频自动接着放	视频放下焦点后 0 秒内接着放，进度 9.3s → 13.4s
PASS	看视频前暂停，看完仍停着	视频放下焦点前采样 6 次，音乐一直停在 13.5s，焦点一直在视频那边；视频放下焦点后 8 秒里采样 8 次，一直停在 13.5s
PASS	看视频时按暂停，看完仍停着	视频放下焦点前采样 6 次，音乐一直停在 14.0s，焦点一直在视频那边；视频放下焦点后 8 秒里采样 8 次，一直停在 14.0s
PASS	切歌等地址时来了视频，回滚后不抢焦点	25 秒的视频：视频放下焦点前采样 23 次，音乐一直停在 0.4s，焦点一直在视频那边
PASS	切歌等地址时来了视频，看完接着放原来那首	视频放下焦点后 0 秒内接着放，进度 0.5s → 4.7s
PASS	下载前打开搜索结果	
PASS	点下载 C	
PASS	下载 C（不注入故障）：下载出文件	/data/media/0/Android/data/fun.upup.musicfree/files/download/music/E2E Tone C - E2E Artist.mp3
PASS	注入故障后点下载 B	
PASS	下载 B 时下载记录写不进去：任务标为失败	
PASS	注入故障：下载记录确实写不进去	错误日志里 music.DownloadTasks 落盘失败 1 次，临时文件位置一直被占着
PASS	下载记录没写进去时，不写出 B 的最终文件	下载目录里没有新的 B
PASS	下载失败不碰已有的文件（下载好的 C、用户自己的同名 B）	2 个文件内容都没变
PASS	下载记录文件保持故障前的完整内容	和故障前逐字节相同，能正常解析（6 个键）
PASS	下载失败后不留下这次的下载缓存	下载缓存目录是空的
PASS	去掉故障后重启	
PASS	去掉故障、重启后已有的文件和下载记录都完好	下载文件和故障前一样，下载记录能正常解析（6 个键）
PASS	重新下载前打开搜索结果	
PASS	去掉故障后再点下载 B	
PASS	去掉故障后重新下载 B：写到新文件，已有的文件不变	新文件：/data/media/0/Android/data/fun.upup.musicfree/files/download/music/E2E Tone B - E2E Artist (1).mp3；原有 2 个文件不变
PASS	准备旧版数据：0.7.3 启动后，往它的 MMKV 写入我喜欢和附加信息	34 行目录列表在 legacy-mmkv-ls.txt；属主、标签照 0.7.3 的 LocalSheet.music-sheets
PASS	从 0.7.3 覆盖安装新版并启动	
PASS	打开我喜欢（旧版的三首）	
PASS	升级后我喜欢里是旧版的 A、B、C	新存储里：tone-a tone-b tone-c
PASS	测试源 A 的附加信息在第一次用到时从旧版迁移过来	带旧版标记的：tone-a tone-b
PASS	升级后装测试源 A	
PASS	升级后装测试源 B	
PASS	在我喜欢里删 B	
PASS	删掉我喜欢里的 B	新存储里：tone-a tone-c
PASS	卸载全部插件	
PASS	测试源 B 的附加信息迁移中被卸载插件清空：旧数据不回来	卸载前新存储里没有它；卸载时迁移跑完（有迁移标记），没有带旧版标记的键
PASS	测试源 A 的附加信息迁移后被卸载插件清空：旧数据不回来	没有带旧版标记的键，迁移标记还在
PASS	重启后进首页	
PASS	重启后打开我喜欢	
PASS	重启后我喜欢里只有 A、C，删掉的 B 没回来	新存储里：tone-a tone-c
PASS	重启、再用到测试源 A 后，两个平台的旧附加信息都没回来	两个平台都没有带旧版标记的键，迁移标记都在（不会再迁移一遍）
